{"kmean_model_1": [{"batch_size": 4096, "init": "k-means++", "n_clusters": 8}, ["inertia", 103444457141.6807], ["calinski", 947824.1873928448], ["davies_bouldin", 1.5350989882310406]], "kmean_model_2": [{"batch_size": 4096, "init": "k-means++", "n_clusters": 32}, ["inertia", 73451307334.58064], ["calinski", 498265.75712045544], ["davies_bouldin", 1.8656431872536667]], "kmean_model_3": [{"batch_size": 4096, "init": "k-means++", "n_clusters": 64}, ["inertia", 65233599304.176216], ["calinski", 393700.77784573444], ["davies_bouldin", 1.9156620251887275]], "kmean_model_4": [{"batch_size": 4096, "init": "random", "n_clusters": 8}, ["inertia", 99524305063.17825], ["calinski", 777417.5990288019], ["davies_bouldin", 1.6285391359846724]], "kmean_model_5": [{"batch_size": 4096, "init": "random", "n_clusters": 32}, ["inertia", 78771376268.703], ["calinski", 505692.9775275081], ["davies_bouldin", 1.8112786440385424]], "kmean_model_6": [{"batch_size": 4096, "init": "random", "n_clusters": 64}, ["inertia", 60684932556.10132], ["calinski", 408396.452725546], ["davies_bouldin", 1.9577769149217332]]}