{"kmean_model_1": [{"batch_size": 65536, "init": "k-means++", "n_clusters": 8, "random_state": 0}, ["inertia", 38795862.945015095], ["calinski", 1513612.2870211094], ["davies_bouldin", 1.291994712494924]], "kmean_model_2": [{"batch_size": 65536, "init": "k-means++", "n_clusters": 32, "random_state": 0}, ["inertia", 16769673.94917604], ["calinski", 777850.2285112204], ["davies_bouldin", 1.6328427291544412]], "kmean_model_3": [{"batch_size": 65536, "init": "k-means++", "n_clusters": 64, "random_state": 0}, ["inertia", 13706740.22069908], ["calinski", 749275.5722633955], ["davies_bouldin", 1.623648761715711]], "kmean_model_4": [{"batch_size": 65536, "init": "random", "n_clusters": 8, "random_state": 0}, ["inertia", 33838243.05993339], ["calinski", 1201549.7268207152], ["davies_bouldin", 1.430438788914912]], "kmean_model_5": [{"batch_size": 65536, "init": "random", "n_clusters": 32, "random_state": 0}, ["inertia", 15457850.795876654], ["calinski", 679066.840544982], ["davies_bouldin", 1.4924022058489974]], "kmean_model_6": [{"batch_size": 65536, "init": "random", "n_clusters": 64, "random_state": 0}, ["inertia", 12667339.851269383], ["calinski", 480989.7595319317], ["davies_bouldin", 1.7219851778492867]]}